{"text": " \u0627\u06cc\u0631\u0627\u0646\u0632 \u0633\u067e\u0631\u06cc\u0645\u0688\u06cc\u062f\u06c1 \u0622\u062a\u0644\u0627\u0627\u0644\u06cc \u062e\u0645\u06cc\u0646 \u0622\u0626\u06cc \u06a9\u0627\u0644\u0632 \u0641\u0631\u0633\u0631\u06cc\u0646 \u0631\u0632\u06cc\u0633\u062a\u0646\u0632 \u062f\u06cc\u0648\u0691\u0646\u0632 \u0633\u067e\u06cc\u0686\u06c1 \u062d\u06cc\u0631\u062f\u06c1 5th \u0627\u06cc\u0631\u0627\u0646\u0632 \u0633\u0644\u06cc\u0646 \u0631\u06cc\u0648\u0634\u0646 \u0631\u06cc\u06af\u0627\u0631\u062a \u06a9\u0648 \u06a9\u0645\u0627\u0646\u062f\u06c1 \u062e\u0627\u0635\u0646 \u0633\u0644\u0645\u0627\u0646\u06cc", "segments": [{"id": 0, "seek": 0, "start": 0.0, "end": 25.2, "text": " \u0627\u06cc\u0631\u0627\u0646\u0632 \u0633\u067e\u0631\u06cc\u0645\u0688\u06cc\u062f\u06c1 \u0622\u062a\u0644\u0627\u0627\u0644\u06cc \u062e\u0645\u06cc\u0646 \u0622\u0626\u06cc \u06a9\u0627\u0644\u0632 \u0641\u0631\u0633\u0631\u06cc\u0646 \u0631\u0632\u06cc\u0633\u062a\u0646\u0632 \u062f\u06cc\u0648\u0691\u0646\u0632 \u0633\u067e\u06cc\u0686\u06c1 \u062d\u06cc\u0631\u062f\u06c1 5th \u0627\u06cc\u0631\u0627\u0646\u0632 \u0633\u0644\u06cc\u0646 \u0631\u06cc\u0648\u0634\u0646 \u0631\u06cc\u06af\u0627\u0631\u062a \u06a9\u0648 \u06a9\u0645\u0627\u0646\u062f\u06c1 \u062e\u0627\u0635\u0646 \u0633\u0644\u0645\u0627\u0646\u06cc", "tokens": [50364, 1975, 4135, 2288, 7649, 11622, 8608, 27779, 44823, 2304, 150, 230, 4135, 3215, 6354, 19753, 2655, 15040, 6027, 4135, 16490, 2304, 32151, 19753, 19986, 4135, 7565, 6027, 11622, 6156, 2288, 3794, 2288, 32151, 12602, 11622, 4135, 14851, 1863, 11622, 11778, 4135, 2407, 150, 239, 1863, 11622, 8608, 27779, 4135, 24061, 6354, 11331, 4135, 2288, 3215, 6354, 1025, 392, 1975, 4135, 2288, 7649, 11622, 8608, 1211, 32151, 12602, 4135, 2407, 8592, 1863, 12602, 4135, 16761, 9640, 2655, 7565, 2407, 7565, 2304, 7649, 3215, 6354, 16490, 33546, 1863, 8608, 19528, 7649, 4135, 51624], "temperature": 0.0, "avg_logprob": -0.7771233999600975, "compression_ratio": 1.5238095238095237, "no_speech_prob": 0.029196735471487045}], "language": "ur"}